{
    "root_group": {
        "name": "",
        "path": "",
        "id": "d41d8cd98f00b204e9800998ecf8427e",
        "groups": {},
        "checks": {
                "status is OK": {
                    "fails": 10,
                    "name": "status is OK",
                    "path": "::status is OK",
                    "id": "d83a99fb6db0de09e9f0d32dd8d2e9d5",
                    "passes": 0
                }
            }
    },
    "metrics": {
        "http_reqs": {
            "count": 10,
            "rate": 201.7171128891264
        },
        "iterations": {
            "count": 10,
            "rate": 201.7171128891264
        },
        "http_req_waiting": {
            "avg": 20.032341800000005,
            "min": 12.155688,
            "med": 16.2444715,
            "max": 30.272082,
            "p(90)": 29.7442824,
            "p(95)": 30.0081822
        },
        "http_req_failed{type:armAPI}": {
            "fails": 0,
            "passes": 10,
            "value": 1
        },
        "http_req_duration{type:armAPI}": {
            "med": 16.45135,
            "max": 30.509328,
            "p(90)": 29.9402058,
            "p(95)": 30.2247669,
            "avg": 20.2809143,
            "min": 12.663708
        },
        "data_sent": {
            "count": 32510,
            "rate": 655782.33400255
        },
        "http_req_duration": {
            "p(90)": 29.9402058,
            "p(95)": 30.2247669,
            "avg": 20.2809143,
            "min": 12.663708,
            "med": 16.45135,
            "max": 30.509328
        },
        "checks": {
            "passes": 0,
            "fails": 10,
            "value": 0
        },
        "http_req_blocked": {
            "med": 18.5761945,
            "max": 19.212538,
            "p(90)": 19.1433595,
            "p(95)": 19.17794875,
            "avg": 16.9724738,
            "min": 11.519697
        },
        "http_req_tls_handshaking": {
            "avg": 12.080767,
            "min": 7.150055,
            "med": 13.48726,
            "max": 13.993239,
            "p(90)": 13.9586025,
            "p(95)": 13.97592075
        },
        "http_req_failed": {
            "passes": 10,
            "fails": 0,
            "value": 1
        },
        "http_req_receiving": {
            "max": 0.06775,
            "p(90)": 0.0676681,
            "p(95)": 0.06770905,
            "avg": 0.0440527,
            "min": 0.020636,
            "med": 0.0396965
        },
        "iteration_duration": {
            "min": 24.521351,
            "med": 35.3450585,
            "max": 49.300302,
            "p(90)": 48.4094262,
            "p(95)": 48.8548641,
            "avg": 37.493412899999996
        },
        "data_received": {
            "rate": 931368.2536316745,
            "count": 46172
        },
        "http_req_connecting": {
            "med": 1.512642,
            "max": 1.773667,
            "p(90)": 1.7035885,
            "p(95)": 1.73862775,
            "avg": 1.3882615,
            "min": 0.807526
        },
        "http_req_sending": {
            "p(90)": 0.41971319999999995,
            "p(95)": 0.43003709999999995,
            "avg": 0.2045198,
            "min": 0.105191,
            "med": 0.149099,
            "max": 0.440361
        }
    }
}